{
  "aci": {
    "owner": "terraform-providers",
    "repo": "terraform-provider-aci",
    "rev": "v0.2.3",
    "sha256": "0sk0pp178w03fhsb65b9mpim1l4wqfnv9r9x64kiapjnvfb1rz3j",
    "version": "0.2.3"
  },
  "acme": {
    "owner": "getstackhead",
    "provider-source-address": "registry.terraform.io/getstackhead/acme",
    "repo": "terraform-provider-acme",
    "rev": "v1.5.0-patched",
    "sha256": "1wdrjpd3l0xadsa3lqhsc9c57g8x2qkwb76q824sk8za1a7lapii",
    "version": "1.5.0-patched"
  },
  "akamai": {
    "owner": "terraform-providers",
    "provider-source-address": "registry.terraform.io/akamai/akamai",
    "repo": "terraform-provider-akamai",
    "rev": "v0.7.1",
    "sha256": "0mg81147yz0m24xqljpw6v0ayhvb4fwf6qwaj7ii34hy2gjwv405",
    "version": "0.7.1"
  },
  "alicloud": {
    "owner": "terraform-providers",
    "repo": "terraform-provider-alicloud",
    "rev": "v1.86.0",
    "sha256": "1hbv9ah7fd173sapwgsbg7790piwxw9zx90wfj5vz5b96ggbg28d",
    "version": "1.86.0"
  },
  "archive": {
    "owner": "hashicorp",
    "provider-source-address": "registry.terraform.io/hashicorp/archive",
    "repo": "terraform-provider-archive",
    "rev": "v2.0.0",
    "sha256": "1d5n379zyjp2srg43g78a8h33qwcpkfkj7c35idvbyydi35vzlpl",
    "vendorSha256": null,
    "version": "2.0.0"
  },
  "arukas": {
    "owner": "terraform-providers",
    "repo": "terraform-provider-arukas",
    "rev": "v1.1.0",
    "sha256": "1akl9fzgm5qv01vz18xjzyqjnlxw699qq4x8vr96j16l1zf10h99",
    "version": "1.1.0"
  },
  "auth0": {
    "owner": "terraform-providers",
    "repo": "terraform-provider-auth0",
    "rev": "v0.11.0",
    "sha256": "1dkcgzvvwmw5z5q4146jk0gj5b1zrv51vvkhhjd8qh9ipinipn97",
    "version": "0.11.0"
  },
  "avi": {
    "owner": "terraform-providers",
    "repo": "terraform-provider-avi",
    "rev": "v0.2.2",
    "sha256": "0dgpjg6iw21vfcn4i0x6x1l329a09wrd2jwghrjigwlq68wd835d",
    "version": "0.2.2"
  },
  "aviatrix": {
    "owner": "terraform-providers",
    "repo": "terraform-provider-aviatrix",
    "rev": "v2.14.1",
    "sha256": "137z7fgy5gp9n9fdvllyjh3nkbalrs2giqljfldbllymhvrv7xgr",
    "version": "2.14.1"
  },
  "aws": {
    "owner": "hashicorp",
    "provider-source-address": "registry.terraform.io/hashicorp/aws",
    "repo": "terraform-provider-aws",
    "rev": "v3.27.0",
    "sha256": "0hn55mpg64bibf10m7x7wpfkipvlm8q4avgqcf0rf8rmprwvdlxd",
    "vendorSha256": "0ph106bqsy988s20adf6gyc5jfvvy9zsj74lkbciwx7mvw5f514s",
    "version": "3.27.0"
  },
  "azuread": {
    "owner": "hashicorp",
    "provider-source-address": "registry.terraform.io/hashicorp/azuread",
    "repo": "terraform-provider-azuread",
    "rev": "v1.4.0",
    "sha256": "13y0h8af37gfsjhccbfsnj6kqcn61lr1znmsxipjr5h9ka5lc209",
    "vendorSha256": null,
    "version": "1.4.0"
  },
  "azurerm": {
    "owner": "terraform-providers",
    "provider-source-address": "registry.terraform.io/hashicorp/azurerm",
    "repo": "terraform-provider-azurerm",
    "rev": "v2.58.0",
    "sha256": "1zy3q5d63pz2rdczcs9xnxzasb2jbzhyg8nbk2r252mdnhx6h9vh",
    "vendorSha256": null,
    "version": "2.58.0"
  },
  "azurestack": {
    "owner": "hashicorp",
    "provider-source-address": "registry.terraform.io/hashicorp/azurestack",
    "repo": "terraform-provider-azurestack",
    "rev": "v0.10.0",
    "sha256": "0lcwrp6n3l1nink06wq2nrirs6k3wwjmya1w06x14pvqqdj1d5c8",
    "vendorSha256": null,
    "version": "0.10.0"
  },
  "baiducloud": {
    "owner": "terraform-providers",
    "repo": "terraform-provider-baiducloud",
    "rev": "v1.2.0",
    "sha256": "1s2vk4vjni5nc50pdw60pm0grrf835xy551i6d4cmfxkkpqx3f6f",
    "version": "1.2.0"
  },
  "bigip": {
    "owner": "terraform-providers",
    "repo": "terraform-provider-bigip",
    "rev": "v1.2.0",
    "sha256": "0z0l4j8sn8yf6kw5sbyhp6s0046f738lsm650skcspqa5f63mbd9",
    "version": "1.2.0"
  },
  "bitbucket": {
    "owner": "terraform-providers",
    "repo": "terraform-provider-bitbucket",
    "rev": "v1.2.0",
    "sha256": "11n4wpvmaab164g6k077n9dbdbhd5lwl7pxpha5492ks468nd95b",
    "version": "1.2.0"
  },
  "brightbox": {
    "owner": "terraform-providers",
    "repo": "terraform-provider-brightbox",
    "rev": "v1.3.0",
    "sha256": "127l1ic70fkcqr0h23qhbpl1j2mzp44p9593x8jl936xz4ll8l70",
    "version": "1.3.0"
  },
  "checkpoint": {
    "owner": "terraform-providers",
    "repo": "terraform-provider-checkpoint",
    "rev": "v1.0.2",
    "sha256": "0zypjcg1z8fkz31lfhysxx42lpw8ak4aqgdis6rxzqbnkk491fjp",
    "version": "1.0.2"
  },
  "chef": {
    "owner": "terraform-providers",
    "repo": "terraform-provider-chef",
    "rev": "v0.2.0",
    "sha256": "0ihn4706fflmf0585w22l7arzxsa9biq4cgh8nlhlp5y0zy934ns",
    "version": "0.2.0"
  },
  "cherryservers": {
    "owner": "terraform-providers",
    "repo": "terraform-provider-cherryservers",
    "rev": "v1.0.0",
    "sha256": "1z6ai6q8aw38kiy8x13rp0dsvb4jk40cv8pk5c069q15m4jab8lh",
    "version": "1.0.0"
  },
  "ciscoasa": {
    "owner": "terraform-providers",
    "repo": "terraform-provider-ciscoasa",
    "rev": "v1.2.0",
    "sha256": "033pgy42qwjpmjyzylpml7sfzd6dvvybs56cid1f6sm4ykmxbal7",
    "version": "1.2.0"
  },
  "clc": {
    "owner": "terraform-providers",
    "repo": "terraform-provider-clc",
    "rev": "v0.1.0",
    "sha256": "0gvsjnwk6xkgxai1gxsjf0hsjxbv8d8jg5hq8yd3hjhc6785fgnf",
    "version": "0.1.0"
  },
  "cloudflare": {
    "owner": "terraform-providers",
    "repo": "terraform-provider-cloudflare",
    "rev": "v2.7.0",
    "sha256": "1r18lxhfi2sd42ja4bzxbkf5bli8iljrpqbgdcn1a7rcf44vnxa2",
    "version": "2.7.0"
  },
  "cloudinit": {
    "owner": "hashicorp",
    "provider-source-address": "registry.terraform.io/hashicorp/cloudinit",
    "repo": "terraform-provider-cloudinit",
    "rev": "v1.0.0",
    "sha256": "0i926f4xkfydd2bxmim69xrvi9ymn1vrc66zl117axzsmy9200zx",
    "version": "1.0.0"
  },
  "cloudscale": {
    "owner": "terraform-providers",
    "repo": "terraform-provider-cloudscale",
    "rev": "v2.1.2",
    "sha256": "052pa17a77fkmhvygfgmpz87xlc08qvz1apzc2scg2449xfdv7zb",
    "version": "2.1.2"
  },
  "cloudstack": {
    "owner": "terraform-providers",
    "repo": "terraform-provider-cloudstack",
    "rev": "v0.3.0",
    "sha256": "0zmyww6z3j839ydlmv254hr8gcsixng4lcvmiwkhxb3hj1nw8hcw",
    "version": "0.3.0"
  },
  "cobbler": {
    "owner": "terraform-providers",
    "repo": "terraform-provider-cobbler",
    "rev": "v1.1.0",
    "sha256": "08ljqibfi6alpvv8f7pzvjl2k4w6br6g6ac755x4xw4ycrr24xw9",
    "version": "1.1.0"
  },
  "cohesity": {
    "owner": "terraform-providers",
    "repo": "terraform-provider-cohesity",
    "rev": "v0.1.0",
    "sha256": "1yifipjf51n8q9xyqcmc4zjpszmpyzb330f4zas81hahjml78hgx",
    "version": "0.1.0"
  },
  "constellix": {
    "owner": "terraform-providers",
    "repo": "terraform-provider-constellix",
    "rev": "v0.1.0",
    "sha256": "14y0v8ilbrjj0aymrw50fkz2mihnwyv83z8a9f8dh399s8l624w1",
    "version": "0.1.0"
  },
  "consul": {
    "owner": "terraform-providers",
    "provider-source-address": "registry.terraform.io/hashicorp/consul",
    "repo": "terraform-provider-consul",
    "rev": "v2.8.0",
    "sha256": "1brd0fp9ksc3x8cygxm0k2q1sh4v5x89298pnidg6xirn41lvcr4",
    "version": "2.8.0"
  },
  "ct": {
    "owner": "poseidon",
    "repo": "terraform-provider-ct",
    "rev": "v0.6.1",
    "sha256": "0hh3hvi8lwb0h8x9viz5p991w94gn7354nw95b51rdmir9qi2x89",
    "version": "0.6.1"
  },
  "datadog": {
    "owner": "terraform-providers",
    "repo": "terraform-provider-datadog",
    "rev": "v2.7.0",
    "sha256": "0cq11cjcm2nlszqhsrj425mk8dp0h5ljrrn7jplrbffp8g6wvadd",
    "version": "2.7.0"
  },
  "digitalocean": {
    "owner": "digitalocean",
    "provider-source-address": "registry.terraform.io/digitalocean/digitalocean",
    "repo": "terraform-provider-digitalocean",
    "rev": "v2.2.0",
    "sha256": "14v9sh2qqdflzzp5mvkr7hd5c21hch8b8shxiwm0ar4qgdxq3wfy",
    "vendorSha256": null,
    "version": "2.2.0"
  },
  "dme": {
    "owner": "terraform-providers",
    "repo": "terraform-provider-dme",
    "rev": "v0.1.0",
    "sha256": "1ipqw1sbx0i9rhxawsysrqxvf10z8ra2y86xwd4iz0f12x9drblv",
    "version": "0.1.0"
  },
  "dns": {
    "owner": "hashicorp",
    "provider-source-address": "registry.terraform.io/hashicorp/dns",
    "repo": "terraform-provider-dns",
    "rev": "v3.0.0",
    "sha256": "160dbmg7xg7iyc70f66dphyiysrdbscwya2n28idi8wp5rjx8bid",
    "vendorSha256": null,
    "version": "3.0.0"
  },
  "dnsimple": {
    "owner": "terraform-providers",
    "repo": "terraform-provider-dnsimple",
    "rev": "v0.4.0",
    "sha256": "1f1cpfa30frghp4yxp9n313yaf2mm1hnjq4kzmn6n9210prab9h1",
    "version": "0.4.0"
  },
  "docker": {
    "owner": "terraform-providers",
    "repo": "terraform-provider-docker",
    "rev": "v2.7.1",
    "sha256": "1jqnlc3dfy354yjdkj8iyxv0vamyxgmwxmhjim11alwzwjafbv9s",
    "version": "2.7.1"
  },
  "dome9": {
    "owner": "terraform-providers",
    "repo": "terraform-provider-dome9",
    "rev": "v1.19.0",
    "sha256": "190q74aaa1v7n7pqcri8kib0g0d4njf9dzm3cygyzmsjs3pxj1lc",
    "version": "1.19.0"
  },
  "dyn": {
    "owner": "terraform-providers",
    "repo": "terraform-provider-dyn",
    "rev": "v1.2.0",
    "sha256": "1a3kxmbib2y0nl7gnxknbhsflj5kfknxnm3gjxxrb2h5d2kvqy48",
    "version": "1.2.0"
  },
  "elasticsearch": {
    "owner": "phillbaker",
    "provider-source-address": "registry.terraform.io/phillbaker/elasticsearch",
    "repo": "terraform-provider-elasticsearch",
    "rev": "v1.5.2",
    "sha256": "1yfmlqab2jb679gbns04sdcjfihzsa0dfp7blhfk3v5zhgv1g7ys",
    "vendorSha256": "15m9aqb2lqjv6g3k46zyha2m118wpbjrh4ap1bfps0fcxn20qvr5",
    "version": "1.5.2"
  },
  "exoscale": {
    "owner": "terraform-providers",
    "repo": "terraform-provider-exoscale",
    "rev": "v0.16.2",
    "sha256": "102z4v3shk0as76v90151j4c6p93wy16m1hzzk1yp50dlc8ffsks",
    "version": "0.16.2"
  },
  "external": {
    "owner": "hashicorp",
    "provider-source-address": "registry.terraform.io/hashicorp/external",
    "repo": "terraform-provider-external",
    "rev": "v2.0.0",
    "sha256": "16wciz08gicicsirij2ql0gy8dg0372jjsqmaigkl2n07mqz2b6a",
    "vendorSha256": null,
    "version": "2.0.0"
  },
  "fastly": {
    "owner": "terraform-providers",
    "repo": "terraform-provider-fastly",
    "rev": "v0.16.1",
    "sha256": "1pjrcw03a86xgkzcx778f7kk79svv8csy05b7qi0m5x77zy4pws7",
    "version": "0.16.1"
  },
  "flexibleengine": {
    "owner": "terraform-providers",
    "repo": "terraform-provider-flexibleengine",
    "rev": "v1.12.1",
    "sha256": "0klxi40dd3a4dp7gjsjjwh6zv2m94hh6mk5m9g0dyhvn0r28w5j2",
    "version": "1.12.1"
  },
  "fortios": {
    "owner": "terraform-providers",
    "repo": "terraform-provider-fortios",
    "rev": "v1.2.0",
    "sha256": "0sqp23pyldxjkfw33xn5l5fqs4vn00kkfhy9wnl690wn0cwmldbx",
    "version": "1.2.0"
  },
  "genymotion": {
    "owner": "terraform-providers",
    "repo": "terraform-provider-genymotion",
    "rev": "v1.1.0",
    "sha256": "02jpr3cm7rrf810c69sr6lcxzvxpnf7icc5z80gnvg67wwfg4ph4",
    "version": "1.1.0"
  },
  "github": {
    "owner": "terraform-providers",
    "repo": "terraform-provider-github",
    "rev": "v3.1.0",
    "sha256": "1xl4fd1lfbn1vnrdmg2xljnv8hy6rmf0iv7g8pzbnzbvj2pi7w3b",
    "version": "3.1.0"
  },
  "gitlab": {
    "owner": "gitlabhq",
    "provider-source-address": "registry.terraform.io/gitlabhq/gitlab",
    "repo": "terraform-provider-gitlab",
    "rev": "v3.4.0",
    "sha256": "03k3xjhxw70n00dvwd0fkdshff9hnicrah6rm6zqmksb4mb7wji3",
    "version": "3.4.0"
  },
  "google": {
    "owner": "hashicorp",
    "provider-source-address": "registry.terraform.io/hashicorp/google",
    "repo": "terraform-provider-google",
    "rev": "v3.62.0",
    "sha256": "0x0qp8nk88667hvlpgxrdjsgirw8iwv85gn3k9xb37a3lw7xs4qz",
    "vendorSha256": "0w6aavj1c4blpvsy00vz4dcj8rnxx6a586b16lqp6s1flqmlqrbi",
    "version": "3.62.0"
  },
  "google-beta": {
    "owner": "hashicorp",
    "provider-source-address": "registry.terraform.io/hashicorp/google-beta",
    "repo": "terraform-provider-google-beta",
    "rev": "v3.47.0",
    "sha256": "1nk0bg2q7dg65rn3j5pkdjv07x0gs7bkv1bpfvlhi9p4fzx9g4by",
    "vendorSha256": "0c2q4d2khsi3v9b659q1kmncnlshv4px6ch99jpcymwqg3xrxda2",
    "version": "3.47.0"
  },
  "grafana": {
    "owner": "terraform-providers",
    "repo": "terraform-provider-grafana",
    "rev": "v1.5.0",
    "sha256": "0zy3bqgpxymp2zygaxzllk1ysdankwxa1sy1djfgr4fs2nlggkwi",
    "version": "1.5.0"
  },
  "gridscale": {
    "owner": "terraform-providers",
    "repo": "terraform-provider-gridscale",
    "rev": "v1.6.0",
    "sha256": "00l3cwvyyjk0n3j535qfj3bsf1s5l07786gnxycj0f8vz3a06bcq",
    "version": "1.6.0"
  },
  "hedvig": {
    "owner": "terraform-providers",
    "repo": "terraform-provider-hedvig",
    "rev": "v1.1.1",
    "sha256": "1gd26jm9frn52hy2vm5sv003lbai5sjgdign6akhjmw5sdsmfr05",
    "version": "1.1.1"
  },
  "helm": {
    "owner": "hashicorp",
    "provider-source-address": "registry.terraform.io/hashicorp/helm",
    "repo": "terraform-provider-helm",
    "rev": "v2.0.2",
    "sha256": "119zvlkwa7ygwsjxxdl7z8cqb0c4m6gy21356jnsasf4c3557rrb",
    "vendorSha256": null,
    "version": "2.0.2"
  },
  "heroku": {
    "owner": "terraform-providers",
    "repo": "terraform-provider-heroku",
    "rev": "v2.4.1",
    "sha256": "10dacnd0y8q952s53n5myy08slw349pbfddjz63wcblcjyhvq0df",
    "version": "2.4.1"
  },
  "http": {
    "owner": "hashicorp",
    "provider-source-address": "registry.terraform.io/hashicorp/http",
    "repo": "terraform-provider-http",
    "rev": "v2.0.0",
    "sha256": "0x6a9qf819g16dj9inyvhwff67xy0ixyy70ck56lkidrldara444",
    "vendorSha256": null,
    "version": "2.0.0"
  },
  "huaweicloud": {
    "owner": "terraform-providers",
    "repo": "terraform-provider-huaweicloud",
    "rev": "v1.14.0",
    "sha256": "10g5xl3pspzmj0bjzqbw3br4k7kh2jplph06f7sz2zg9dncl4h5z",
    "version": "1.14.0"
  },
  "huaweicloudstack": {
    "owner": "terraform-providers",
    "repo": "terraform-provider-huaweicloudstack",
    "rev": "v1.2.0",
    "sha256": "0jhx9rap4128j8sfkvpp8lbdmvdba0rkd3nxvy38wr3n18m7v1xg",
    "version": "1.2.0"
  },
  "hydra": {
    "owner": "DeterminateSystems",
    "provider-source-address": "registry.terraform.io/DeterminateSystems/hydra",
    "repo": "terraform-provider-hydra",
    "rev": "v0.1.2",
    "sha256": "1a1ah5pzng9ik8f18kqx87fdh1c5wqbn2bsbhqrzd1nb8fc5xl03",
    "vendorSha256": null,
    "version": "0.1.2"
  },
  "ibm": {
    "owner": "IBM-Cloud",
    "provider-source-address": "registry.terraform.io/IBM-Cloud/ibm",
    "repo": "terraform-provider-ibm",
    "rev": "v1.14.0",
    "sha256": "1r3y7r0mnbzd7xk6d5f7pvysl3p8vl5i5phya89dfwrk2x9xyw21",
    "vendorSha256": null,
    "version": "1.14.0"
  },
  "icinga2": {
    "owner": "terraform-providers",
    "repo": "terraform-provider-icinga2",
    "rev": "v0.3.0",
    "sha256": "0xwjxb84glhp9viqykziwanj696w2prq4r7k0565k0w3qiaz440v",
    "version": "0.3.0"
  },
  "ignition": {
    "owner": "terraform-providers",
    "repo": "terraform-provider-ignition",
    "rev": "v1.2.1",
    "sha256": "0wd29iw0a5w7ykgs9m1mmi0bw5z9dl4z640qyz64x8rlh5hl1wql",
    "version": "1.2.1"
  },
  "incapsula": {
    "owner": "terraform-providers",
    "repo": "terraform-provider-incapsula",
    "rev": "v2.1.0",
    "sha256": "12zw2m7j52rszfawywbiv9rgv976h1w6bp98012qn45d4ap2kvzy",
    "version": "2.1.0"
  },
  "influxdb": {
    "owner": "terraform-providers",
    "repo": "terraform-provider-influxdb",
    "rev": "v1.3.0",
    "sha256": "19af40g8hgz2rdz6523v0fs71ww7qdlf2mh5j9vb7pfzriqwa5k9",
    "version": "1.3.0"
  },
  "infoblox": {
    "owner": "terraform-providers",
    "repo": "terraform-provider-infoblox",
    "rev": "v1.0.0",
    "sha256": "0p95y5w3fzddygmsjc0j60z0f4aazvy5iwbwszj0i8gs42qhda2f",
    "version": "1.0.0"
  },
  "jdcloud": {
    "owner": "terraform-providers",
    "repo": "terraform-provider-jdcloud",
    "rev": "v1.1.0",
    "sha256": "04vz0m3z9rfw2hp0h3jhn625r2v37b319krznvhqylqzksv39dzf",
    "version": "1.1.0"
  },
  "kafka": {
    "owner": "Mongey",
    "provider-source-address": "registry.terraform.io/Mongey/kafka",
    "repo": "terraform-provider-kafka",
    "rev": "v0.2.12",
    "sha256": "0jm592chliiph5643rymzpwnlcq7q6bpwg2h86x5qmbzbiyqsi83",
    "vendorSha256": "08wg16g4mvn6kl8xwn89195a826cb132ijvrgf32c6p7zp4lgmjd",
    "version": "0.2.12"
  },
  "keycloak": {
    "owner": "mrparkers",
    "provider-source-address": "registry.terraform.io/mrparkers/keycloak",
    "repo": "terraform-provider-keycloak",
    "rev": "v3.0.0",
    "sha256": "1q9vzmj9c7mznv6al58d3rs5kk1fh28k1qccx46hcbk82z52da3a",
    "vendorSha256": "0kh6lljvqd577s19gx0fmfsmx9wm3ikla3jz16lbwwb8ahbqcw1f",
    "version": "3.0.0"
  },
  "ksyun": {
    "owner": "terraform-providers",
    "repo": "terraform-provider-ksyun",
    "rev": "v1.0.0",
    "sha256": "1vcx612bz2p0rjsrx11j6fdc0f0q2jm5m3xl94wrpx9jjb7aczvc",
    "version": "1.0.0"
  },
  "kubernetes": {
    "owner": "hashicorp",
    "provider-source-address": "registry.terraform.io/hashicorp/kubernetes",
    "repo": "terraform-provider-kubernetes",
    "rev": "v2.0.2",
    "sha256": "129aylw6hxa44syfnb0kkkihwvlaa6d1jnxrcbwkql6xxhn9zizf",
    "vendorSha256": null,
    "version": "2.0.2"
  },
  "kubernetes-alpha": {
    "owner": "hashicorp",
    "provider-source-address": "registry.terraform.io/hashicorp/kubernetes-alpha",
    "repo": "terraform-provider-kubernetes-alpha",
    "rev": "v0.3.2",
    "sha256": "0lgh42fvfwvj6cw8i7800k016ay4babqiz38q0y7apq4s7vs62sb",
    "vendorSha256": null,
    "version": "0.3.2"
  },
  "launchdarkly": {
    "owner": "terraform-providers",
    "repo": "terraform-provider-launchdarkly",
    "rev": "v1.3.2",
    "sha256": "0vgkivzbf6hcl9by6l0whpwidva7zmmgdabkshjjk0npl2cj8f9n",
    "version": "1.3.2"
  },
  "librato": {
    "owner": "terraform-providers",
    "repo": "terraform-provider-librato",
    "rev": "v0.1.0",
    "sha256": "0bxadwj5s7bvc4vlymn3w6qckf14hz82r7q98w2nh55sqr52d923",
    "version": "0.1.0"
  },
  "linode": {
    "owner": "terraform-providers",
    "repo": "terraform-provider-linode",
    "rev": "v1.12.3",
    "sha256": "17hnm7wivd75psap2qdmlnmmlf964s7jf4jrfgsm6njx32wwwfpp",
    "version": "1.12.3"
  },
  "local": {
    "owner": "hashicorp",
    "provider-source-address": "registry.terraform.io/hashicorp/local",
    "repo": "terraform-provider-local",
    "rev": "v2.0.0",
    "sha256": "0c1mk63lh3qmj8pl80lyvvsgyg4gg7673abr8cfxrj45635h74z5",
    "vendorSha256": null,
    "version": "2.0.0"
  },
  "logentries": {
    "owner": "terraform-providers",
    "repo": "terraform-provider-logentries",
    "rev": "v1.0.0",
    "sha256": "04xprkb9zwdjyzmsdf10bgmn8sa8q7jw0izz8lw0cc9hag97qgbq",
    "version": "1.0.0"
  },
  "logicmonitor": {
    "owner": "terraform-providers",
    "repo": "terraform-provider-logicmonitor",
    "rev": "v1.3.0",
    "sha256": "00d8qx95cxaif636dyh935nv9nn6lmb1ybxy7n4myy9g80y50ap1",
    "version": "1.3.0"
  },
  "mailgun": {
    "owner": "terraform-providers",
    "repo": "terraform-provider-mailgun",
    "rev": "v0.4.1",
    "sha256": "1l76pg4hmww9zg2n4rkhm5dwjh42fxri6d41ih1bf670krkxwsmz",
    "version": "0.4.1"
  },
  "matchbox": {
    "owner": "poseidon",
    "repo": "terraform-provider-matchbox",
    "rev": "v0.3.0",
    "sha256": "1nq7k8qa7rv8xyryjigwpwcwvj1sw85c4j46rkfdv70b6js25jz3",
    "version": "0.3.0"
  },
  "metalcloud": {
    "owner": "terraform-providers",
    "repo": "terraform-provider-metalcloud",
    "rev": "v2.2.0",
    "sha256": "0xii9gk96srzi9y4pbvlx2cvwypll4igvk89f9qrg18qrw72ags3",
    "version": "2.2.0"
  },
  "mongodbatlas": {
    "owner": "terraform-providers",
    "repo": "terraform-provider-mongodbatlas",
    "rev": "v0.5.1",
    "sha256": "0sl5yd1bqj79f7pj49aqh7l3fvdrbf8r7a4g7cv15qbc8g3lr1dh",
    "version": "0.5.1"
  },
  "mysql": {
    "owner": "terraform-providers",
    "repo": "terraform-provider-mysql",
    "rev": "v1.9.0",
    "sha256": "14gxxki3jhncv3s2x828ns2vgmf2xxzigdyp9b54mbkw5rnv1k2g",
    "version": "1.9.0"
  },
  "ncloud": {
    "owner": "terraform-providers",
    "repo": "terraform-provider-ncloud",
    "rev": "v1.2.0",
    "sha256": "1h2fr0ss58dr3ypqj6kw90iyji6s83sz2i85vhs5z2adjbk7h8va",
    "version": "1.2.0"
  },
  "netlify": {
    "owner": "terraform-providers",
    "repo": "terraform-provider-netlify",
    "rev": "v0.4.0",
    "sha256": "07xds84k2vgpvn2cy3id7hmzg57sz2603zs4msn3ysxmi28lmqyg",
    "version": "0.4.0"
  },
  "newrelic": {
    "owner": "terraform-providers",
    "repo": "terraform-provider-newrelic",
    "rev": "v1.19.0",
    "sha256": "0nmbgw4qyzsw8kxi7p8dy4j1lkxcz7qfs56qsvwf2w07y4qm382p",
    "version": "1.19.0"
  },
  "nixos": {
    "owner": "tweag",
    "repo": "terraform-provider-nixos",
    "rev": "v0.0.1",
    "sha256": "00vz6qjq1pk39iqg4356b8g3c6slla9jifkv2knk46gc9q93q0lf",
    "version": "0.0.1"
  },
  "nomad": {
    "owner": "terraform-providers",
    "repo": "terraform-provider-nomad",
    "rev": "v1.4.5",
    "sha256": "1sccm4mspjn92ky6nscsrmbb573mx53wzsvvapsf2p4119h9s30i",
    "version": "1.4.5"
  },
  "ns1": {
    "owner": "terraform-providers",
    "repo": "terraform-provider-ns1",
    "rev": "v1.8.3",
    "sha256": "18mq6r8sw2jjvngay0zyvzlfiln8c0xb8hcrl2wcmnpqv2iinbkl",
    "version": "1.8.3"
  },
  "nsxt": {
    "owner": "terraform-providers",
    "repo": "terraform-provider-nsxt",
    "rev": "v2.0.0",
    "sha256": "0fka793r0c06sz8vlxk0z7vbm6kab5xzk39r5pznkq34004r17sl",
    "version": "2.0.0"
  },
  "null": {
    "owner": "hashicorp",
    "provider-source-address": "registry.terraform.io/hashicorp/null",
    "repo": "terraform-provider-null",
    "rev": "v3.0.0",
    "sha256": "0r1kvsc96922i85hdvf1pk8aicxjr6bc69gc63qi21hrl0jpvr7r",
    "vendorSha256": null,
    "version": "3.0.0"
  },
  "nutanix": {
    "owner": "terraform-providers",
    "repo": "terraform-provider-nutanix",
    "rev": "v1.0.2",
    "sha256": "17sgsxsh8minirks08c6gz52cf7ndn220sx4xzi6bq64yi6qw2yc",
    "version": "1.0.2"
  },
  "oci": {
    "owner": "terraform-providers",
    "provider-source-address": "registry.terraform.io/hashicorp/oci",
    "repo": "terraform-provider-oci",
    "rev": "v3.79.0",
    "sha256": "11n2v537zniiv5xvhpypqrm09my8zybirvq4ly94hp69v73xj89c",
    "version": "3.79.0"
  },
  "okta": {
    "owner": "terraform-providers",
    "repo": "terraform-provider-okta",
    "rev": "v3.3.0",
    "sha256": "1z557z1yagp2caf85hmcr6sddax9a5h47jja17082qmmr1qy0i07",
    "version": "3.3.0"
  },
  "oktaasa": {
    "owner": "terraform-providers",
    "repo": "terraform-provider-oktaasa",
    "rev": "v1.0.0",
    "sha256": "093d5r8dz8gryk8qp5var2qrrgkvs1gwgw3zqpxry9xc5cpn30w0",
    "version": "1.0.0"
  },
  "oneandone": {
    "owner": "terraform-providers",
    "repo": "terraform-provider-oneandone",
    "rev": "v1.3.0",
    "sha256": "0c412nqg3k17124i51nn3ffra6gcll904h37h7hyvz97cdblcncn",
    "version": "1.3.0"
  },
  "opc": {
    "owner": "terraform-providers",
    "repo": "terraform-provider-opc",
    "rev": "v1.4.0",
    "sha256": "1yl8bbh4pf94wlmna294zcawylr9hiaix82wr321g9wb0vi3d5l8",
    "version": "1.4.0"
  },
  "opennebula": {
    "owner": "terraform-providers",
    "repo": "terraform-provider-opennebula",
    "rev": "v0.1.1",
    "sha256": "048cqd89fz5xpji1w8ylg75nbzzcx1c5n89y1k0ra8d3g2208yb2",
    "version": "0.1.1"
  },
  "openstack": {
    "owner": "terraform-providers",
    "repo": "terraform-provider-openstack",
    "rev": "v1.28.0",
    "sha256": "1g2nxv312ddvkgpph17m9sh4zmy5ddj8gqwnfb3frbfbbamrgar6",
    "version": "1.28.0"
  },
  "opentelekomcloud": {
    "owner": "terraform-providers",
    "repo": "terraform-provider-opentelekomcloud",
    "rev": "v1.17.1",
    "sha256": "1d4w35hpvxy5wkb6n9wrh2nfcsy0xgk6d4jbk4sy7dn44w3nkqbg",
    "version": "1.17.1"
  },
  "opsgenie": {
    "owner": "terraform-providers",
    "repo": "terraform-provider-opsgenie",
    "rev": "v0.3.4",
    "sha256": "11pbkhn7yhz2mfa01ikn7rdajl28zwxfq9g9qdf9lvkdrv88gwh0",
    "version": "0.3.4"
  },
  "oraclepaas": {
    "owner": "terraform-providers",
    "repo": "terraform-provider-oraclepaas",
    "rev": "v1.5.3",
    "sha256": "0xb03b5jgm06rgrllib6zj1nkh54zv2mqjnyfflgnazpf4c1ia15",
    "version": "1.5.3"
  },
  "ovh": {
    "owner": "terraform-providers",
    "repo": "terraform-provider-ovh",
    "rev": "v0.8.0",
    "sha256": "1ww4ng8w5hm50rbxd83xzbkq8qsn04dqwpdjhs587v9d0x2vwrf1",
    "version": "0.8.0"
  },
  "packet": {
    "owner": "packethost",
    "repo": "terraform-provider-packet",
    "rev": "v3.2.0",
    "sha256": "sha256-YIv4OPRbR00YTVwz0iJ/y6qTbj50nsi5ylrWEx1kZck=",
    "version": "3.2.0"
  },
  "pagerduty": {
    "owner": "terraform-providers",
    "repo": "terraform-provider-pagerduty",
    "rev": "v1.7.2",
    "sha256": "1a8g8rpn52wibrxhnvhlda7ja38vw9aadgdc8nbj7zs50x4aj3ic",
    "version": "1.7.2"
  },
  "panos": {
    "owner": "terraform-providers",
    "repo": "terraform-provider-panos",
    "rev": "v1.6.2",
    "sha256": "1qy6jynv61zhvq16s8jkwjhxz7r65cmk9k37ahh07pbhdx707mz5",
    "version": "1.6.2"
  },
  "pass": {
    "owner": "camptocamp",
    "repo": "terraform-provider-pass",
    "rev": "1.2.1",
    "sha256": "1hf5mvgz5ycp7shiy8px205d9kwswfjmclg7mlh9a55bkraffahk",
    "version": "1.2.1"
  },
  "postgresql": {
    "owner": "cyrilgdn",
    "provider-source-address": "registry.terraform.io/cyrilgdn/postgresql",
    "repo": "terraform-provider-postgresql",
    "rev": "v1.8.1",
    "sha256": "07qaiy3vmz179am1qrxwvrk7xpraaa8g0hf49bj54pw7nkrmaixq",
    "vendorSha256": null,
    "version": "1.8.1"
  },
  "powerdns": {
    "owner": "terraform-providers",
    "repo": "terraform-provider-powerdns",
    "rev": "v1.4.0",
    "sha256": "1mfcj32v66w5gnzbrdkampydl3m9f1155vcdw8l1f2nba59irkgw",
    "version": "1.4.0"
  },
  "profitbricks": {
    "owner": "terraform-providers",
    "repo": "terraform-provider-profitbricks",
    "rev": "v1.5.2",
    "sha256": "0gass4gzv8axlzn5rgg35nqvd61q82k041r0sr6x6pv6j8v1ixln",
    "version": "1.5.2"
  },
  "pureport": {
    "owner": "terraform-providers",
    "repo": "terraform-provider-pureport",
    "rev": "v1.1.8",
    "sha256": "02vmqwjz5m5hj4zghwicjp27dxvc4qsiwj4gjsi66w6djdqnh4h1",
    "version": "1.1.8"
  },
  "rabbitmq": {
    "owner": "cyrilgdn",
    "provider-source-address": "registry.terraform.io/cyrilgdn/rabbitmq",
    "repo": "terraform-provider-rabbitmq",
    "rev": "v1.5.1",
    "sha256": "1yxvhzrp63wv5zbzj3ma2745g1marpj32b5h41ha27h0i42498ky",
    "vendorSha256": null,
    "version": "1.5.1"
  },
  "rancher": {
    "owner": "terraform-providers",
    "repo": "terraform-provider-rancher",
    "rev": "v1.5.0",
    "sha256": "0yhv9ahj6ajspgnl2f77gpyd6klq44dyl74lvl10bx6yy56abi2m",
    "version": "1.5.0"
  },
  "rancher2": {
    "owner": "rancher",
    "provider-source-address": "registry.terraform.io/hashicorp/rancher2",
    "repo": "terraform-provider-rancher2",
    "rev": "v1.13.0",
    "sha256": "0xczv9qsviryiw95yd6cl1nnb0daxs971fm733gfvwm36jvmyr89",
    "vendorSha256": "0apy6qbmshfj4pzz9nqdhyk6h7l9qwrccz30q8ljl928pj49q04c",
    "version": "1.13.0"
  },
  "random": {
    "owner": "hashicorp",
    "provider-source-address": "registry.terraform.io/hashicorp/random",
    "repo": "terraform-provider-random",
    "rev": "v3.0.0",
    "sha256": "00dkpcri9ckp0kxwgh3p8175cyd44m8z13cb013pm4mrr61n4wq9",
    "vendorSha256": null,
    "version": "3.0.0"
  },
  "rightscale": {
    "owner": "terraform-providers",
    "repo": "terraform-provider-rightscale",
    "rev": "v1.3.1",
    "sha256": "0abwxaghrxpahpsk6kd02fjh0rhck4xsdrzcpv629yh8ip9rzcaj",
    "version": "1.3.1"
  },
  "rundeck": {
    "owner": "terraform-providers",
    "repo": "terraform-provider-rundeck",
    "rev": "v0.4.0",
    "sha256": "1x131djsny8w84yf7w2il33wlc3ysy3k399dziii2lmq4h8sgrpr",
    "version": "0.4.0"
  },
  "runscope": {
    "owner": "terraform-providers",
    "repo": "terraform-provider-runscope",
    "rev": "v0.6.0",
    "sha256": "1fsph2cnyvzdwa5hwdjabfk4azmc3x8a7afpwpawxfdvqhgpr595",
    "version": "0.6.0"
  },
  "scaleway": {
    "owner": "terraform-providers",
    "repo": "terraform-provider-scaleway",
    "rev": "v1.15.0",
    "sha256": "0bdhjrml14f5z4spkl7l305g0vdzpgama7ahngws8jhvl8yfa208",
    "version": "1.15.0"
  },
  "secret": {
    "owner": "tweag",
    "repo": "terraform-provider-secret",
    "rev": "v1.1.1",
    "sha256": "1pr0amzgv1i1lxniqlx8spdb73q522l7pm8a4m25hwy1kwby37sd",
    "version": "1.1.1"
  },
  "segment": {
    "owner": "ajbosco",
    "repo": "terraform-provider-segment",
    "rev": "v0.2.0",
    "sha256": "0ic5b9djhnb1bs2bz3zdprgy3r55dng09xgc4d9l9fyp85g2amaz",
    "version": "0.2.0"
  },
  "selectel": {
    "owner": "terraform-providers",
    "repo": "terraform-provider-selectel",
    "rev": "v3.3.0",
    "sha256": "1fs96qd2b4glk8hhn5m9r04ap679g0kf3nnhjx1a2idqwrv71gcl",
    "version": "3.3.0"
  },
  "shell": {
    "owner": "scottwinkler",
    "provider-source-address": "registry.terraform.io/scottwinkler/shell",
    "repo": "terraform-provider-shell",
    "rev": "v1.6.0",
    "sha256": "0jxb30vw93ibnwz8nfqapac7p9r2famzvsf2h4nfbmhkm6mpan4l",
    "vendorSha256": "1p2ja6cw3dl7mx41svri6frjpgb9pxsrl7sq0rk1d3sviw0f88sg",
    "version": "1.6.0"
  },
  "signalfx": {
    "owner": "terraform-providers",
    "repo": "terraform-provider-signalfx",
    "rev": "v4.23.0",
    "sha256": "1v3whvqb6nilfvw4c0xziq6yrlkl96d2cya094c7bd7wp9hzif1l",
    "version": "4.23.0"
  },
  "skytap": {
    "owner": "terraform-providers",
    "repo": "terraform-provider-skytap",
    "rev": "v0.14.1",
    "sha256": "0ygsdkv7czyhsjsx1q57rmmcl8x66d65yarhg40hlng5c7xpi52g",
    "version": "0.14.1"
  },
  "softlayer": {
    "owner": "terraform-providers",
    "repo": "terraform-provider-softlayer",
    "rev": "v0.0.1",
    "sha256": "1xcg5zm2n1pc3l7ng94k589r7ykv6fxsmr5qn9xmmpdf912rdnfq",
    "version": "0.0.1"
  },
  "sops": {
    "owner": "carlpett",
    "repo": "terraform-provider-sops",
    "rev": "v0.5.1",
    "sha256": "1x32w1qw46rwa8bjhkfn6ybr1dkbdqk0prlm0bnwn3gvvj0hc7kh",
    "version": "0.5.1"
  },
  "spotinst": {
    "owner": "terraform-providers",
    "repo": "terraform-provider-spotinst",
    "rev": "v1.17.0",
    "sha256": "0pmbr2xdqrzkd66zv4gpyxzahs7p2m2xl5qyvqpg0apxn91z3ra7",
    "version": "1.17.0"
  },
  "stackpath": {
    "owner": "terraform-providers",
    "repo": "terraform-provider-stackpath",
    "rev": "v1.3.0",
    "sha256": "0gsr903v6fngaxm2r5h53g9yc3jpx2zccqq07rhzm9jbsfb6rlzn",
    "version": "1.3.0"
  },
  "statuscake": {
    "owner": "terraform-providers",
    "repo": "terraform-provider-statuscake",
    "rev": "v1.0.0",
    "sha256": "1x295va6c72465cxps0kx3rrb7s9aip2cniy6icsg1b2yrsb9b26",
    "version": "1.0.0"
  },
  "sumologic": {
    "owner": "terraform-providers",
    "repo": "terraform-provider-sumologic",
    "rev": "v2.0.3",
    "sha256": "0d7xsfdfs6dj02bh90bhwsa2jgxf84df3pqmsjlmxvpv65dv4vs8",
    "version": "2.0.3"
  },
  "telefonicaopencloud": {
    "owner": "terraform-providers",
    "repo": "terraform-provider-telefonicaopencloud",
    "rev": "v1.0.0",
    "sha256": "1761wkjz3d2458xl7855lxklyxgyk05fddh92rp6975y0ca6xa5m",
    "version": "1.0.0"
  },
  "template": {
    "owner": "hashicorp",
    "provider-source-address": "registry.terraform.io/hashicorp/template",
    "repo": "terraform-provider-template",
    "rev": "v2.2.0",
    "sha256": "12pn1i06jz4xl50md94yfdggg3pg5bv1viwf35izizm5rnyksyv2",
    "vendorSha256": null,
    "version": "2.2.0"
  },
  "tencentcloud": {
    "owner": "terraform-providers",
    "repo": "terraform-provider-tencentcloud",
    "rev": "v1.36.0",
    "sha256": "1sqynm0g1al5hnxzccv8iiqcgd07ys0g828f3xfw53b6f5vzbhfr",
    "version": "1.36.0"
  },
  "terraform": {
    "owner": "terraform-providers",
    "repo": "terraform-provider-terraform",
    "rev": "v1.0.2",
    "sha256": "1aj6g6l68n9kqmxfjlkwwxnac7fhha6wrmvsw4yylf0qyssww75v",
    "version": "1.0.2"
  },
  "tfe": {
    "owner": "terraform-providers",
    "repo": "terraform-provider-tfe",
    "rev": "v0.18.0",
    "sha256": "1cl83afm00fflsd3skynjvncid3r74fkxfznrs1v8qypcg1j79g1",
    "version": "0.18.0"
  },
  "time": {
    "owner": "hashicorp",
    "provider-source-address": "registry.terraform.io/hashicorp/time",
    "repo": "terraform-provider-time",
    "rev": "v0.6.0",
    "sha256": "0fb81hisjicib9rzbn51jqfrchyjd3hzq98adnf22cbra8wlnxlm",
    "version": "0.6.0"
  },
  "tls": {
    "owner": "hashicorp",
    "provider-source-address": "registry.terraform.io/hashicorp/tls",
    "repo": "terraform-provider-tls",
    "rev": "v3.0.0",
    "sha256": "1p9d5wrr4xwf2i930zlcarm1zl8ysj3nyc6rrbhpxk04kr6ap0wz",
    "vendorSha256": null,
    "version": "3.0.0"
  },
  "triton": {
    "owner": "terraform-providers",
    "repo": "terraform-provider-triton",
    "rev": "v0.7.0",
    "sha256": "14wbdm2rlmjld9y7iizdinhk1fnx5s8fgjgd3jcs1b4g126s0pl0",
    "version": "0.7.0"
  },
  "turbot": {
    "owner": "terraform-providers",
    "repo": "terraform-provider-turbot",
    "rev": "v1.3.0",
    "sha256": "0z56s3kmx84raiwiny9jing8ac9msfd5vk8va24k8czwj2v5gb0f",
    "version": "1.3.0"
  },
  "ucloud": {
    "owner": "terraform-providers",
    "repo": "terraform-provider-ucloud",
    "rev": "v1.20.0",
    "sha256": "1s3xgdrngiy7slxwk5cmhij681yyfvc8185yig7jmrm21q2981f6",
    "version": "1.20.0"
  },
  "ultradns": {
    "owner": "terraform-providers",
    "repo": "terraform-provider-ultradns",
    "rev": "v0.1.0",
    "sha256": "0bq2y6bxdax7qnmq6vxh8pz9sqy1r3m05dv7q5dbv2xvba1b88hj",
    "version": "0.1.0"
  },
  "vault": {
    "owner": "terraform-providers",
    "provider-source-address": "registry.terraform.io/hashicorp/vault",
    "repo": "terraform-provider-vault",
    "rev": "v2.11.0",
    "sha256": "1yzakc7jp0rs9axnfdqw409asrbjhq0qa7xn4xzpi7m94g1ii12d",
    "version": "2.11.0"
  },
  "vcd": {
    "owner": "terraform-providers",
    "repo": "terraform-provider-vcd",
    "rev": "v2.8.0",
    "sha256": "0myj5a9mrh7vg6h3gk5f0wsdp6832nz0z10h184107sdchpv253n",
    "version": "2.8.0"
  },
  "venafi": {
    "owner": "terraform-providers",
    "repo": "terraform-provider-venafi",
    "rev": "v0.9.2",
    "sha256": "06nk5c7lxs8fc04sz97lc3yk1zk1b9phkzw6fj9fnmpgaak87bj9",
    "version": "0.9.2"
  },
  "vra7": {
    "owner": "terraform-providers",
    "repo": "terraform-provider-vra7",
    "rev": "v1.0.1",
    "sha256": "0qmldgxmrv840c5rbmskdf4f9g4v52gg9v7magm6j2w2g0dp1022",
    "version": "1.0.1"
  },
  "vsphere": {
    "owner": "hashicorp",
    "provider-source-address": "registry.terraform.io/hashicorp/vsphere",
    "repo": "terraform-provider-vsphere",
    "rev": "v1.24.3",
    "sha256": "1sc60x3r4nb48p8yb7778fpk78acq808jzcd5ijnwxqakccml5kl",
    "vendorSha256": null,
    "version": "1.24.3"
  },
  "vthunder": {
    "owner": "terraform-providers",
    "repo": "terraform-provider-vthunder",
    "rev": "v0.1.0",
    "sha256": "1mw55g0kjgp300p6y4s8wc91fgfxjm0cbszfzgbc8ca4b00j8cc2",
    "version": "0.1.0"
  },
  "vultr": {
    "owner": "vultr",
    "repo": "terraform-provider-vultr",
    "rev": "v2.1.3",
    "sha256": "sha256-fvqkzg3j2TYAMbPc8Ifh35sBe0D76LYH6Ut5Ugdyexg=",
    "version": "2.1.3"
  },
  "wavefront": {
    "owner": "terraform-providers",
    "repo": "terraform-provider-wavefront",
    "rev": "v2.3.0",
    "sha256": "0aci96852bd4y8bi9y68p550jiji0c69kiw4zhf9qfld0sjz44j2",
    "version": "2.3.0"
  },
  "yandex": {
    "owner": "yandex-cloud",
    "repo": "terraform-provider-yandex",
    "rev": "v0.54.0",
    "sha256": "0q9m7520zl7q1liri6x849xjp221wbc9l2w6dj19mmgfwspqv02l",
    "vendorSha256": "0rzldsb8gyhvnsd26wg9byqngzzj64pi86v2hb4i63rlfmnn77xi",
    "version": "0.54.0"
  }
}
