<chapter xmlns="http://docbook.org/ns/docbook"
         xmlns:xlink="http://www.w3.org/1999/xlink"
         xmlns:xi="http://www.w3.org/2001/XInclude"
         version="5.0"
         xml:id="sec-networking">
 <title>Networking</title>
 <para>
  This section describes how to configure networking components on your NixOS
  machine.
 </para>
 <xi:include href="network-manager.xml" />
 <xi:include href="ssh.xml" />
 <xi:include href="ipv4-config.xml" />
 <xi:include href="ipv6-config.xml" />
 <xi:include href="firewall.xml" />
 <xi:include href="wireless.xml" />
 <xi:include href="ad-hoc-network-config.xml" />
 <xi:include href="renaming-interfaces.xml" />
<!-- TODO: OpenVPN, NAT -->
</chapter>
