<section xmlns="http://docbook.org/ns/docbook"
         xmlns:xlink="http://www.w3.org/1999/xlink"
         xmlns:xi="http://www.w3.org/2001/XInclude"
         version="5.0"
         xml:id="sec-profile-demo">
 <title>Demo</title>

 <para>
  This profile just enables a <systemitem class="username">demo</systemitem>
  user, with password <literal>demo</literal>, uid <literal>1000</literal>,
  <systemitem class="groupname">wheel</systemitem> group and
  <link linkend="opt-services.xserver.displayManager.autoLogin">autologin in the SDDM display manager</link>.
 </para>
</section>
