<section xmlns="http://docbook.org/ns/docbook"
         xmlns:xlink="http://www.w3.org/1999/xlink"
         xmlns:xi="http://www.w3.org/2001/XInclude"
         version="5.0"
         xml:id="sec-profile-minimal">
 <title>Minimal</title>

 <para>
  This profile defines a small NixOS configuration. It does not contain any
  graphical stuff. It's a very short file that enables
  <link linkend="opt-environment.noXlibs">noXlibs</link>, sets
  <link linkend="opt-i18n.supportedLocales">i18n.supportedLocales</link> to
  only support the user-selected locale,
  <link linkend="opt-documentation.enable">disables packages' documentation
  </link>, and <link linkend="opt-sound.enable">disables sound</link>.
 </para>
</section>
