{
  "38": {
    "applications-menu": [
      "apps-menu@gnome-shell-extensions.gcampax.github.com",
      "Applications_Menu@rmy.pobox.com"
    ],
    "workspace-indicator": [
      "workspace-indicator@gnome-shell-extensions.gcampax.github.com",
      "horizontal-workspace-indicator@tty2.io"
    ],
    "lock-keys": [
      "lockkeys@vaina.lt",
      "lockkeys@fawtytoo"
    ],
    "fuzzy-clock": [
      "Fuzzy_Clock@dallagi",
      "fuzzy-clock@keepawayfromfire.co.uk"
    ],
    "transparent-window": [
      "transparent-window@pbxqdown.github.com",
      "transparentwindows.mdirshad07"
    ],
    "floating-dock": [
      "floatingDock@sun.wxg@gmail.com",
      "floating-dock@nandoferreira_prof@hotmail.com"
    ]
  },
  "40": {
    "applications-menu": [
      "apps-menu@gnome-shell-extensions.gcampax.github.com",
      "Applications_Menu@rmy.pobox.com"
    ],
    "workspace-indicator": [
      "workspace-indicator@gnome-shell-extensions.gcampax.github.com",
      "horizontal-workspace-indicator@tty2.io"
    ],
    "lock-keys": [
      "lockkeys@vaina.lt",
      "lockkeys@fawtytoo"
    ]
  }
}
