{
  "EncConv": {
    "owner": "Alexey-T",
    "rev": "2021.01.01",
    "sha256": "18fp7yz2rl80a6xw7v4bgc4092l74fb6p6z4yf312r7gw7b8naq6"
  },
  "ATBinHex-Lazarus": {
    "owner": "Alexey-T",
    "rev": "2021.02.13",
    "sha256": "1p2r2q1al6rcsdbbg8ilm4xn6w48bj348khxdmpak7vfwx9741h8"
  },
  "ATFlatControls": {
    "owner": "Alexey-T",
    "rev": "2021.04.01",
    "sha256": "12sncivsv6pvwflzzy12rpn1fjiq64n2n3bcj7630xxlrbygkhxb"
  },
  "ATSynEdit": {
    "owner": "Alexey-T",
    "rev": "2021.04.09",
    "sha256": "1ldr2z88zywn0ccgs17vfhq55ibihjcmfjjxcqsjifrbm0y6wipp"
  },
  "ATSynEdit_Cmp": {
    "owner": "Alexey-T",
    "rev": "2021.04.01",
    "sha256": "1g6zp9d7vwjisad3y1mfnk1jcbjqxp3yimm0sh1655al6qwn886m"
  },
  "EControl": {
    "owner": "Alexey-T",
    "rev": "2021.03.16",
    "sha256": "159s1rpl829bmaa4bllqhjm8z0vji1ncsd6hw2s8z8hz28n905k8"
  },
  "ATSynEdit_Ex": {
    "owner": "Alexey-T",
    "rev": "2021.04.01",
    "sha256": "1hq9hbv81mcymjcms97wcwcfqfpxis6h6v5m0syyih4r53khv0az"
  },
  "Python-for-Lazarus": {
    "owner": "Alexey-T",
    "rev": "2021.02.18",
    "sha256": "0fy6bmpdcl2aa8pb7zban6midkfwdj99x14hdghrv7cp8l4gcsg5"
  },
  "Emmet-Pascal": {
    "owner": "Alexey-T",
    "rev": "2020.09.05",
    "sha256": "0qfiirxnk5g3whx8y8hp54ch3h6gkkd01yf79m95bwar5qvdfybg"
  },
  "CudaText-lexers": {
    "owner": "Alexey-T",
    "rev": "2021.02.01",
    "sha256": "051jnrhfpl9n5pgrssf68lj732zxhvjbvna4746ngmdyxvw6dqfd"
  },
  "bgrabitmap": {
    "owner": "bgrabitmap",
    "rev": "v11.3.1",
    "sha256": "1f95rdpfwqy9fipzybi17nbhq46zj45yjps21p2hplhinrr49n2p"
  }
}
