{
  "context.properties": {
    "log.level": 0
  },
  "context.spa-libs": {
    "audio.convert.*": "audioconvert/libspa-audioconvert",
    "support.*": "support/libspa-support"
  },
  "context.modules": [
    {
      "name": "libpipewire-module-rtkit",
      "args": {},
      "flags": [
        "ifexists",
        "nofail"
      ]
    },
    {
      "name": "libpipewire-module-protocol-native"
    },
    {
      "name": "libpipewire-module-client-node"
    },
    {
      "name": "libpipewire-module-client-device"
    },
    {
      "name": "libpipewire-module-adapter"
    },
    {
      "name": "libpipewire-module-metadata"
    },
    {
      "name": "libpipewire-module-session-manager"
    }
  ],
  "filter.properties": {},
  "stream.properties": {}
}
