{
  "context.properties": {},
  "context.spa-libs": {
    "api.bluez5.*": "bluez5/libspa-bluez5",
    "api.alsa.*": "alsa/libspa-alsa",
    "api.v4l2.*": "v4l2/libspa-v4l2",
    "api.libcamera.*": "libcamera/libspa-libcamera"
  },
  "context.modules": [
    {
      "name": "libpipewire-module-rtkit",
      "args": {},
      "flags": [
        "ifexists",
        "nofail"
      ]
    },
    {
      "name": "libpipewire-module-protocol-native"
    },
    {
      "name": "libpipewire-module-client-node"
    },
    {
      "name": "libpipewire-module-client-device"
    },
    {
      "name": "libpipewire-module-adapter"
    },
    {
      "name": "libpipewire-module-metadata"
    },
    {
      "name": "libpipewire-module-session-manager"
    }
  ],
  "session.modules": {
    "default": [
      "flatpak",
      "portal",
      "v4l2",
      "suspend-node",
      "policy-node"
    ],
    "with-audio": [
      "metadata",
      "default-nodes",
      "default-profile",
      "default-routes",
      "alsa-seq",
      "alsa-monitor"
    ],
    "with-alsa": [
      "with-audio"
    ],
    "with-jack": [
      "with-audio"
    ],
    "with-pulseaudio": [
      "with-audio",
      "bluez5",
      "logind",
      "restore-stream",
      "streams-follow-default"
    ]
  }
}
