{
  "stable": {
    "version": "91.0.4472.77",
    "sha256": "0c8vj3gq3nmb7ssiwj6875g0a8hcprss1a4gqw9h7llqywza9ma5",
    "sha256bin64": "0caf47xam5igdnbhipal1iyicnxxvadhi61k199rwysrvyv5sdad",
    "deps": {
      "gn": {
        "version": "2021-04-06",
        "url": "https://gn.googlesource.com/gn",
        "rev": "dba01723a441c358d843a575cb7720d54ddcdf92",
        "sha256": "199xkks67qrn0xa5fhp24waq2vk8qb78a96cb3kdd8v1hgacgb8x"
      }
    },
    "chromedriver": {
      "version": "91.0.4472.19",
      "sha256_linux": "0pg9y55644i87qxa0983lvfizbmfiak9bg9249xhifl5kykghrb2",
      "sha256_darwin": "07v5k07100vrzsbm6r59xg8j80ffzs3gnnf2kcfgqrzprx284gf2"
    }
  },
  "beta": {
    "version": "91.0.4472.77",
    "sha256": "0c8vj3gq3nmb7ssiwj6875g0a8hcprss1a4gqw9h7llqywza9ma5",
    "sha256bin64": "1fmarrvkvfj0hgnz4qqx7b45pwkdpagfj2s2hznnanq5q5p9vay0",
    "deps": {
      "gn": {
        "version": "2021-04-06",
        "url": "https://gn.googlesource.com/gn",
        "rev": "dba01723a441c358d843a575cb7720d54ddcdf92",
        "sha256": "199xkks67qrn0xa5fhp24waq2vk8qb78a96cb3kdd8v1hgacgb8x"
      }
    }
  },
  "dev": {
    "version": "92.0.4512.4",
    "sha256": "0ycwr11bz2hlzczs6cajxn5k32m44ndhmqh86iykcbi982dj7jq2",
    "sha256bin64": "0wv29rghcbin725qbl8cq20j8w5mlcjmjaqdcr73m753dv3jv8rq",
    "deps": {
      "gn": {
        "version": "2021-05-07",
        "url": "https://gn.googlesource.com/gn",
        "rev": "39a87c0b36310bdf06b692c098f199a0d97fc810",
        "sha256": "0x63jr5hssm9dl6la4q5ahy669k4gxvbapqxi5w32vv107jrj8v4"
      }
    }
  },
  "ungoogled-chromium": {
    "version": "90.0.4430.212",
    "sha256": "17nmhrkl81qqvzbh861k2mmifncx4wg1mv1fmn52f8gzn461vqdb",
    "sha256bin64": "1y33c5829s22yfj0qmsj8fpcxnjhcm3fsxz7744csfsa9cy4fjr7",
    "deps": {
      "gn": {
        "version": "2021-02-09",
        "url": "https://gn.googlesource.com/gn",
        "rev": "dfcbc6fed0a8352696f92d67ccad54048ad182b3",
        "sha256": "1941bzg37c4dpsk3sh6ga3696gpq6vjzpcw9rsnf6kdr9mcgdxvn"
      },
      "ungoogled-patches": {
        "rev": "90.0.4430.212-1",
        "sha256": "05jh05a4g50ws7pr18dl5pwi95knygh6xywp7kyydir7wy1pbin8"
      }
    }
  }
}
