<chapter xmlns="http://docbook.org/ns/docbook"
         xmlns:xlink="http://www.w3.org/1999/xlink"
         xml:id="chap-pantheon">
 <title>Pantheon Desktop</title>
 <para>
  Pantheon is the desktop environment created for the elementary OS distribution. It is written from scratch in Vala, utilizing GNOME technologies with GTK 3 and Granite.
 </para>
 <section xml:id="sec-pantheon-enable">
  <title>Enabling Pantheon</title>

  <para>
   All of Pantheon is working in NixOS and the applications should be available, aside from a few <link xlink:href="https://github.com/NixOS/nixpkgs/issues/58161">exceptions</link>. To enable Pantheon, set
<programlisting>
<xref linkend="opt-services.xserver.desktopManager.pantheon.enable"/> = true;
</programlisting>
   This automatically enables LightDM and Pantheon's LightDM greeter. If you'd like to disable this, set
<programlisting>
<xref linkend="opt-services.xserver.displayManager.lightdm.greeters.pantheon.enable"/> = false;
<xref linkend="opt-services.xserver.displayManager.lightdm.enable"/> = false;
</programlisting>
   but please be aware using Pantheon without LightDM as a display manager will break screenlocking from the UI. The NixOS module for Pantheon installs all of Pantheon's default applications. If you'd like to not install Pantheon's apps, set
<programlisting>
<xref linkend="opt-services.pantheon.apps.enable"/> = false;
</programlisting>
   You can also use <xref linkend="opt-environment.pantheon.excludePackages"/> to remove any other app (like <package>geary</package>).
  </para>
 </section>
 <section xml:id="sec-pantheon-wingpanel-switchboard">
  <title>Wingpanel and Switchboard plugins</title>

  <para>
   Wingpanel and Switchboard work differently than they do in other distributions, as far as using plugins. You cannot install a plugin globally (like with <option>environment.systemPackages</option>) to start using it. You should instead be using the following options:
   <itemizedlist>
    <listitem>
     <para>
      <xref linkend="opt-services.xserver.desktopManager.pantheon.extraWingpanelIndicators"/>
     </para>
    </listitem>
    <listitem>
     <para>
      <xref linkend="opt-services.xserver.desktopManager.pantheon.extraSwitchboardPlugs"/>
     </para>
    </listitem>
   </itemizedlist>
   to configure the programs with plugs or indicators.
  </para>

  <para>
   The difference in NixOS is both these programs are patched to load plugins from a directory that is the value of an environment variable. All of which is controlled in Nix. If you need to configure the particular packages manually you can override the packages like:
<programlisting>
wingpanel-with-indicators.override {
  indicators = [
    pkgs.some-special-indicator
  ];
};

switchboard-with-plugs.override {
  plugs = [
    pkgs.some-special-plug
  ];
};
</programlisting>
   please note that, like how the NixOS options describe these as extra plugins, this would only add to the default plugins included with the programs. If for some reason you'd like to configure which plugins to use exactly, both packages have an argument for this:
<programlisting>
wingpanel-with-indicators.override {
  useDefaultIndicators = false;
  indicators = specialListOfIndicators;
};

switchboard-with-plugs.override {
  useDefaultPlugs = false;
  plugs = specialListOfPlugs;
};
</programlisting>
   this could be most useful for testing a particular plug-in in isolation.
  </para>
 </section>
 <section xml:id="sec-pantheon-faq">
  <title>FAQ</title>

  <variablelist>
   <varlistentry xml:id="sec-pantheon-faq-messed-up-theme">
    <term>
     I have switched from a different desktop and Pantheon’s theming looks messed up.
    </term>
    <listitem>
     <para>
      Open Switchboard and go to: <guilabel>Administration</guilabel> → <guilabel>About</guilabel> → <guilabel>Restore Default Settings</guilabel> → <guibutton>Restore Settings</guibutton>. This will reset any dconf settings to their Pantheon defaults. Note this could reset certain GNOME specific preferences if that desktop was used prior.
     </para>
    </listitem>
   </varlistentry>
   <varlistentry xml:id="sec-pantheon-faq-gnome3-and-pantheon">
    <term>
     I cannot enable both GNOME 3 and Pantheon.
    </term>
    <listitem>
     <para>
      This is a known <link xlink:href="https://github.com/NixOS/nixpkgs/issues/64611">issue</link> and there is no known workaround.
     </para>
    </listitem>
   </varlistentry>
   <varlistentry xml:id="sec-pantheon-faq-appcenter">
    <term>
     Does AppCenter work, or is it available?
    </term>
    <listitem>
     <para>
      AppCenter has been available since 20.03, but it is of little use. This is because there is no functioning PackageKit backend for Nix 2.0. In the near future you will be able to install Flatpak applications from AppCenter on NixOS. See this <link xlink:href="https://github.com/NixOS/nixpkgs/issues/70214">issue</link>.
     </para>
    </listitem>
   </varlistentry>
  </variablelist>
 </section>
</chapter>
